@timestamp,@duration,@billedDuration,@maxMemoryUsed,@memorySize
2022-12-22 12:56:05.381,183.05,184.0,3.36E8,1.024E9
2022-12-22 12:56:05.227,211.9,212.0,3.33E8,1.024E9
2022-12-22 12:56:04.971,39.23,40.0,3.33E8,1.024E9
2022-12-22 12:56:04.268,8605.94,8606.0,3.33E8,1.024E9
2022-12-22 12:56:02.449,368.61,369.0,3.36E8,1.024E9
2022-12-22 12:56:00.227,485.89,486.0,3.36E8,1.024E9
2022-12-22 12:55:58.813,9837.53,9838.0,3.35E8,1.024E9
2022-12-22 12:55:56.448,35.53,36.0,3.47E8,1.024E9
2022-12-22 12:55:56.279,53.51,54.0,3.47E8,1.024E9
2022-12-22 12:55:55.894,24.06,25.0,3.47E8,1.024E9
2022-12-22 12:55:55.799,19.48,20.0,3.47E8,1.024E9
2022-12-22 12:55:55.677,79.48,80.0,3.47E8,1.024E9
2022-12-22 12:55:54.877,19.84,20.0,3.47E8,1.024E9
2022-12-22 12:55:54.760,10.06,11.0,3.47E8,1.024E9
2022-12-22 12:55:54.488,21.79,22.0,3.47E8,1.024E9
2022-12-22 12:55:54.425,10.24,11.0,3.47E8,1.024E9
2022-12-22 12:55:54.096,19.21,20.0,3.47E8,1.024E9
2022-12-22 12:55:53.983,9.63,10.0,3.47E8,1.024E9
2022-12-22 12:55:49.376,9.87,10.0,3.47E8,1.024E9
2022-12-22 12:55:49.085,42.65,43.0,3.47E8,1.024E9
2022-12-22 12:55:49.036,40.41,41.0,3.47E8,1.024E9
2022-12-22 12:55:48.992,22.87,23.0,3.47E8,1.024E9
2022-12-22 12:55:48.881,10.02,11.0,3.47E8,1.024E9
2022-12-22 12:55:48.047,25.87,26.0,3.47E8,1.024E9
2022-12-22 12:55:48.007,19.11,20.0,3.47E8,1.024E9
2022-12-22 12:55:47.944,9.86,10.0,3.47E8,1.024E9
2022-12-22 12:55:44.132,30.35,31.0,3.47E8,1.024E9
2022-12-22 12:55:42.820,11.63,12.0,3.47E8,1.024E9
2022-12-22 12:55:40.976,18.52,19.0,3.47E8,1.024E9
2022-12-22 12:55:38.760,15.41,16.0,3.47E8,1.024E9
2022-12-22 12:55:38.676,58.12,59.0,3.47E8,1.024E9
2022-12-22 12:55:38.326,33.12,34.0,3.47E8,1.024E9
2022-12-22 12:55:36.927,31.36,32.0,3.47E8,1.024E9
2022-12-22 12:55:32.551,21.59,22.0,3.47E8,1.024E9
2022-12-22 12:55:30.185,57.07,58.0,3.47E8,1.024E9
2022-12-22 12:55:30.086,78.83,79.0,3.47E8,1.024E9
2022-12-22 12:55:29.427,29.63,30.0,3.47E8,1.024E9
2022-12-22 12:55:29.346,19.55,20.0,3.47E8,1.024E9
2022-12-22 12:55:28.607,37.19,38.0,3.47E8,1.024E9
2022-12-22 12:55:28.468,10.55,11.0,3.47E8,1.024E9
2022-12-22 12:55:27.733,19.92,20.0,3.47E8,1.024E9
2022-12-22 12:55:27.666,9.95,10.0,3.47E8,1.024E9
2022-12-22 12:55:26.209,31.1,32.0,3.47E8,1.024E9
2022-12-22 12:55:25.967,33.27,34.0,3.47E8,1.024E9
2022-12-22 12:55:24.963,9.95,10.0,3.47E8,1.024E9
2022-12-22 12:55:23.908,20.79,21.0,3.47E8,1.024E9
2022-12-22 12:55:22.542,9.75,10.0,3.47E8,1.024E9
2022-12-22 12:55:20.213,34.98,35.0,3.47E8,1.024E9
2022-12-22 12:55:18.635,27.19,28.0,3.47E8,1.024E9
2022-12-22 12:55:18.206,35.14,36.0,3.47E8,1.024E9
2022-12-22 12:55:16.468,55.85,56.0,3.47E8,1.024E9
2022-12-22 12:55:15.580,31.65,32.0,3.47E8,1.024E9
2022-12-22 12:55:14.288,35.17,36.0,3.47E8,1.024E9
2022-12-22 12:55:12.215,16.09,17.0,3.47E8,1.024E9
2022-12-22 12:55:12.067,43.39,44.0,3.47E8,1.024E9
2022-12-22 12:55:11.667,28.18,29.0,3.47E8,1.024E9
2022-12-22 12:55:11.528,29.6,30.0,3.47E8,1.024E9
2022-12-22 12:55:06.286,31.84,32.0,3.47E8,1.024E9
2022-12-22 12:55:05.585,104.62,105.0,3.47E8,1.024E9
2022-12-22 12:55:05.408,31.26,32.0,3.47E8,1.024E9
2022-12-22 12:55:03.940,18.85,19.0,3.47E8,1.024E9
2022-12-22 12:55:03.810,10.64,11.0,3.47E8,1.024E9
2022-12-22 12:55:00.055,46.13,47.0,3.47E8,1.024E9
2022-12-22 12:54:59.447,58.53,59.0,3.47E8,1.024E9
2022-12-22 12:54:59.028,60.23,61.0,3.47E8,1.024E9
2022-12-22 12:54:58.752,10.35,11.0,3.47E8,1.024E9
2022-12-22 12:54:53.329,92.92,93.0,3.47E8,1.024E9
2022-12-22 12:54:51.067,33.81,34.0,3.42E8,1.024E9
2022-12-22 12:54:49.305,47.19,48.0,3.42E8,1.024E9
2022-12-22 12:54:49.218,10.15,11.0,3.42E8,1.024E9
2022-12-22 12:54:44.160,9.69,10.0,3.42E8,1.024E9
2022-12-22 12:54:42.487,29.07,30.0,3.42E8,1.024E9
2022-12-22 12:54:40.297,19.78,20.0,3.42E8,1.024E9
2022-12-22 12:54:40.177,43.0,44.0,3.42E8,1.024E9
2022-12-22 12:54:38.589,38.29,39.0,3.42E8,1.024E9
2022-12-22 12:54:36.593,27.83,28.0,3.42E8,1.024E9
2022-12-22 12:54:35.070,11.96,12.0,3.42E8,1.024E9
2022-12-22 12:54:33.570,15.87,16.0,3.42E8,1.024E9
2022-12-22 12:54:29.068,48.17,49.0,3.42E8,1.024E9
2022-12-22 12:54:28.097,16.13,17.0,3.42E8,1.024E9
2022-12-22 12:54:26.639,19.37,20.0,3.42E8,1.024E9
2022-12-22 12:54:25.525,66.48,67.0,3.42E8,1.024E9
2022-12-22 12:54:23.328,39.37,40.0,3.42E8,1.024E9
2022-12-22 12:54:22.548,28.19,29.0,3.42E8,1.024E9
2022-12-22 12:54:22.246,17.47,18.0,3.42E8,1.024E9
2022-12-22 12:54:19.973,24.08,25.0,3.42E8,1.024E9
2022-12-22 12:54:19.206,41.46,42.0,3.42E8,1.024E9
2022-12-22 12:54:17.091,66.11,67.0,3.42E8,1.024E9
2022-12-22 12:54:15.947,26.54,27.0,3.42E8,1.024E9
2022-12-22 12:54:15.788,70.75,71.0,3.42E8,1.024E9
2022-12-22 12:54:15.779,11.65,12.0,3.62E8,1.024E9
2022-12-22 12:54:15.586,69.39,70.0,3.42E8,1.024E9
2022-12-22 12:54:15.476,66.3,67.0,3.42E8,1.024E9
2022-12-22 12:54:14.426,43.59,44.0,3.42E8,1.024E9
2022-12-22 12:54:14.049,35.31,36.0,3.42E8,1.024E9
2022-12-22 12:54:10.281,11.39,12.0,3.42E8,1.024E9
2022-12-22 12:54:10.187,68.5,69.0,3.42E8,1.024E9
2022-12-22 12:54:08.308,49.93,50.0,3.42E8,1.024E9
2022-12-22 12:54:08.227,56.9,57.0,3.42E8,1.024E9
2022-12-22 12:54:07.907,32.37,33.0,3.42E8,1.024E9
2022-12-22 12:54:04.173,27.37,28.0,3.42E8,1.024E9
2022-12-22 12:54:01.765,34.38,35.0,3.42E8,1.024E9
2022-12-22 12:54:01.431,16.36,17.0,3.42E8,1.024E9
2022-12-22 12:54:01.414,15.42,16.0,3.62E8,1.024E9
2022-12-22 12:53:58.301,11.29,12.0,3.62E8,1.024E9
2022-12-22 12:53:55.878,26.43,27.0,3.62E8,1.024E9
2022-12-22 12:53:52.788,11.16,12.0,3.62E8,1.024E9
2022-12-22 12:53:50.283,17.44,18.0,3.62E8,1.024E9
2022-12-22 12:53:49.154,15.22,16.0,3.62E8,1.024E9
2022-12-22 12:53:47.302,10.72,11.0,3.62E8,1.024E9
2022-12-22 12:53:46.009,14.86,15.0,3.62E8,1.024E9
2022-12-22 12:53:44.624,10.97,11.0,3.62E8,1.024E9
2022-12-22 12:53:43.394,17.5,18.0,3.62E8,1.024E9
2022-12-22 12:53:41.631,11.05,12.0,3.62E8,1.024E9
2022-12-22 12:53:40.090,14.46,15.0,3.62E8,1.024E9
2022-12-22 12:53:37.473,15.19,16.0,3.62E8,1.024E9
2022-12-22 12:53:37.363,8.92,9.0,3.62E8,1.024E9
2022-12-22 12:53:37.064,22.84,23.0,3.62E8,1.024E9
2022-12-22 12:53:36.903,14.81,15.0,3.62E8,1.024E9
2022-12-22 12:53:36.796,8.29,9.0,3.62E8,1.024E9
2022-12-22 12:53:36.300,15.08,16.0,3.62E8,1.024E9
2022-12-22 12:53:36.180,41.85,42.0,3.62E8,1.024E9
2022-12-22 12:53:35.483,14.66,15.0,3.62E8,1.024E9
2022-12-22 12:53:35.377,11.07,12.0,3.62E8,1.024E9
2022-12-22 12:53:32.960,11.07,12.0,3.62E8,1.024E9
2022-12-22 12:53:30.274,33.67,34.0,3.62E8,1.024E9
2022-12-22 12:53:29.528,14.65,15.0,3.62E8,1.024E9
2022-12-22 12:53:29.472,8.49,9.0,3.62E8,1.024E9
2022-12-22 12:53:28.756,11.18,12.0,3.62E8,1.024E9
2022-12-22 12:53:27.394,11.43,12.0,3.62E8,1.024E9
2022-12-22 12:53:24.423,7.38,8.0,3.62E8,1.024E9
2022-12-22 12:53:23.961,17.1,18.0,3.62E8,1.024E9
2022-12-22 12:53:23.900,8.52,9.0,3.62E8,1.024E9
2022-12-22 12:53:23.291,17.38,18.0,3.62E8,1.024E9
2022-12-22 12:53:23.175,55.85,56.0,3.62E8,1.024E9
2022-12-22 12:53:22.949,12.21,13.0,3.62E8,1.024E9
2022-12-22 12:53:21.850,10.96,11.0,3.62E8,1.024E9
2022-12-22 12:53:18.645,18.67,19.0,3.62E8,1.024E9
2022-12-22 12:53:18.605,19.62,20.0,3.62E8,1.024E9
2022-12-22 12:53:18.070,8.02,9.0,3.62E8,1.024E9
2022-12-22 12:53:17.295,14.57,15.0,3.62E8,1.024E9
2022-12-22 12:53:17.234,8.73,9.0,3.62E8,1.024E9
2022-12-22 12:53:17.184,11.48,12.0,3.62E8,1.024E9
2022-12-22 12:53:16.518,16.16,17.0,3.46E8,1.024E9
2022-12-22 12:53:16.403,21.56,22.0,3.46E8,1.024E9
2022-12-22 12:53:16.189,17.43,18.0,3.46E8,1.024E9
2022-12-22 12:53:12.851,20.94,21.0,3.46E8,1.024E9
2022-12-22 12:53:11.324,9.06,10.0,3.46E8,1.024E9
2022-12-22 12:53:11.178,66.93,67.0,3.46E8,1.024E9
2022-12-22 12:53:06.835,16.52,17.0,3.46E8,1.024E9
2022-12-22 12:53:05.351,23.87,24.0,3.46E8,1.024E9
2022-12-22 12:53:00.807,13.23,14.0,3.46E8,1.024E9
2022-12-22 12:52:58.720,20.69,21.0,3.46E8,1.024E9
2022-12-22 12:52:55.479,35.97,36.0,3.46E8,1.024E9
2022-12-22 12:52:55.200,29.34,30.0,3.46E8,1.024E9
2022-12-22 12:52:52.851,21.55,22.0,3.46E8,1.024E9
2022-12-22 12:52:49.923,12.37,13.0,3.46E8,1.024E9
2022-12-22 12:52:49.629,12.59,13.0,3.46E8,1.024E9
2022-12-22 12:52:48.990,25.59,26.0,3.46E8,1.024E9
2022-12-22 12:52:46.811,24.07,25.0,3.46E8,1.024E9
2022-12-22 12:52:46.590,45.35,46.0,3.46E8,1.024E9
2022-12-22 12:52:44.317,12.34,13.0,3.46E8,1.024E9
2022-12-22 12:52:43.875,13.3,14.0,3.46E8,1.024E9
2022-12-22 12:52:42.695,16.64,17.0,3.46E8,1.024E9
2022-12-22 12:52:40.389,65.19,66.0,3.46E8,1.024E9
2022-12-22 12:52:39.951,19.55,20.0,3.46E8,1.024E9
2022-12-22 12:52:39.551,24.92,25.0,3.46E8,1.024E9
2022-12-22 12:52:38.579,52.21,53.0,3.46E8,1.024E9
2022-12-22 12:52:37.551,21.76,22.0,3.46E8,1.024E9
2022-12-22 12:52:36.086,17.3,18.0,3.46E8,1.024E9
2022-12-22 12:52:32.952,23.95,24.0,3.46E8,1.024E9
2022-12-22 12:52:31.796,16.81,17.0,3.46E8,1.024E9
2022-12-22 12:52:25.720,12.94,13.0,3.46E8,1.024E9
2022-12-22 12:52:25.672,21.29,22.0,3.46E8,1.024E9
2022-12-22 12:52:25.083,37.45,38.0,3.46E8,1.024E9
2022-12-22 12:52:24.947,8.32,9.0,3.46E8,1.024E9
2022-12-22 12:52:22.912,16.27,17.0,3.46E8,1.024E9
2022-12-22 12:52:20.199,50.94,51.0,3.46E8,1.024E9
2022-12-22 12:52:19.829,8.35,9.0,3.46E8,1.024E9
2022-12-22 12:52:16.774,22.13,23.0,3.46E8,1.024E9
2022-12-22 12:52:14.656,17.41,18.0,3.46E8,1.024E9
2022-12-22 12:52:14.590,16.79,17.0,3.46E8,1.024E9
2022-12-22 12:52:11.844,14.03,15.0,3.46E8,1.024E9
2022-12-22 12:52:11.743,8.79,9.0,3.46E8,1.024E9
2022-12-22 12:52:11.092,102.42,103.0,3.46E8,1.024E9
2022-12-22 12:52:11.077,92.13,93.0,3.4E8,1.024E9
2022-12-22 12:52:10.994,17.36,18.0,3.62E8,1.024E9
2022-12-22 12:52:10.984,52.88,53.0,3.46E8,1.024E9
2022-12-22 12:52:10.981,51.14,52.0,3.4E8,1.024E9
2022-12-22 12:52:08.859,20.02,21.0,3.4E8,1.024E9
2022-12-22 12:52:07.880,31.49,32.0,3.4E8,1.024E9
2022-12-22 12:52:05.883,26.66,27.0,3.4E8,1.024E9
2022-12-22 12:52:03.448,19.63,20.0,3.4E8,1.024E9
2022-12-22 12:52:03.278,55.3,56.0,3.4E8,1.024E9
2022-12-22 12:52:02.406,18.82,19.0,3.4E8,1.024E9
2022-12-22 12:52:02.293,9.77,10.0,3.4E8,1.024E9
2022-12-22 12:52:00.881,39.29,40.0,3.4E8,1.024E9
2022-12-22 12:52:00.800,97.48,98.0,3.4E8,1.024E9
2022-12-22 12:52:00.797,8.78,9.0,3.46E8,1.024E9
2022-12-22 12:52:00.099,60.41,61.0,3.4E8,1.024E9
2022-12-22 12:52:00.099,23.43,24.0,3.46E8,1.024E9
2022-12-22 12:51:57.193,9.56,10.0,3.4E8,1.024E9
2022-12-22 12:51:55.584,64.46,65.0,3.4E8,1.024E9
2022-12-22 12:51:55.478,10.1,11.0,3.4E8,1.024E9
2022-12-22 12:51:54.439,24.04,25.0,3.4E8,1.024E9
2022-12-22 12:51:54.323,9.91,10.0,3.4E8,1.024E9
2022-12-22 12:51:53.884,35.97,36.0,3.4E8,1.024E9
2022-12-22 12:51:53.245,19.66,20.0,3.4E8,1.024E9
2022-12-22 12:51:53.178,48.46,49.0,3.4E8,1.024E9
2022-12-22 12:51:51.061,28.31,29.0,3.4E8,1.024E9
2022-12-22 12:51:50.665,26.61,27.0,3.4E8,1.024E9
2022-12-22 12:51:50.541,9.78,10.0,3.4E8,1.024E9
2022-12-22 12:51:49.360,60.73,61.0,3.39E8,1.024E9
2022-12-22 12:51:49.220,14.25,15.0,3.39E8,1.024E9
2022-12-22 12:51:49.199,20.83,21.0,3.39E8,1.024E9
2022-12-22 12:51:48.281,42.89,43.0,3.39E8,1.024E9
2022-12-22 12:51:45.475,76.27,77.0,3.39E8,1.024E9
2022-12-22 12:51:44.560,24.71,25.0,3.39E8,1.024E9
2022-12-22 12:51:44.490,10.78,11.0,3.39E8,1.024E9
2022-12-22 12:51:44.103,14.28,15.0,3.39E8,1.024E9
2022-12-22 12:51:43.901,36.5,37.0,3.39E8,1.024E9
2022-12-22 12:51:43.502,24.64,25.0,3.39E8,1.024E9
2022-12-22 12:51:43.436,11.54,12.0,3.39E8,1.024E9
2022-12-22 12:51:43.200,41.92,42.0,3.39E8,1.024E9
2022-12-22 12:51:42.685,17.3,18.0,3.39E8,1.024E9
2022-12-22 12:51:38.380,15.4,16.0,3.39E8,1.024E9
2022-12-22 12:51:37.193,41.44,42.0,3.39E8,1.024E9
2022-12-22 12:51:36.660,33.72,34.0,3.39E8,1.024E9
2022-12-22 12:51:32.441,46.26,47.0,3.39E8,1.024E9
2022-12-22 12:51:31.287,82.49,83.0,3.39E8,1.024E9
2022-12-22 12:51:30.918,38.79,39.0,3.39E8,1.024E9
2022-12-22 12:51:29.341,37.41,38.0,3.39E8,1.024E9
2022-12-22 12:51:26.921,42.04,43.0,3.39E8,1.024E9
2022-12-22 12:51:24.941,40.32,41.0,3.39E8,1.024E9
2022-12-22 12:51:23.579,28.61,29.0,3.39E8,1.024E9
2022-12-22 12:51:22.427,27.49,28.0,3.39E8,1.024E9
2022-12-22 12:51:21.022,27.02,28.0,3.39E8,1.024E9
2022-12-22 12:51:16.599,16.48,17.0,3.39E8,1.024E9
2022-12-22 12:51:15.683,38.71,39.0,3.39E8,1.024E9
2022-12-22 12:51:14.699,49.16,50.0,3.39E8,1.024E9
2022-12-22 12:51:14.652,23.95,24.0,3.46E8,1.024E9
2022-12-22 12:51:10.078,32.96,33.0,3.46E8,1.024E9
2022-12-22 12:51:09.181,20.75,21.0,3.46E8,1.024E9
2022-12-22 12:51:07.731,16.52,17.0,3.46E8,1.024E9
2022-12-22 12:51:06.990,21.22,22.0,3.46E8,1.024E9
2022-12-22 12:51:04.597,16.39,17.0,3.46E8,1.024E9
2022-12-22 12:51:04.523,11.9,12.0,3.46E8,1.024E9
2022-12-22 12:51:02.497,13.68,14.0,3.46E8,1.024E9
2022-12-22 12:51:02.432,8.73,9.0,3.46E8,1.024E9
2022-12-22 12:51:01.530,15.98,16.0,3.46E8,1.024E9
2022-12-22 12:51:01.525,18.92,19.0,3.39E8,1.024E9
2022-12-22 12:51:01.483,21.9,22.0,3.39E8,1.024E9
2022-12-22 12:51:01.482,19.89,20.0,3.46E8,1.024E9
2022-12-22 12:51:01.480,19.63,20.0,3.62E8,1.024E9
2022-12-22 12:51:01.206,17.91,18.0,3.62E8,1.024E9
2022-12-22 12:50:58.855,10.79,11.0,3.62E8,1.024E9
2022-12-22 12:50:56.351,14.48,15.0,3.62E8,1.024E9
2022-12-22 12:50:55.181,86.21,87.0,3.62E8,1.024E9
2022-12-22 12:50:51.290,18.93,19.0,3.62E8,1.024E9
2022-12-22 12:50:51.180,25.93,26.0,3.62E8,1.024E9
2022-12-22 12:50:45.978,32.05,33.0,3.62E8,1.024E9
2022-12-22 12:50:45.885,24.82,25.0,3.62E8,1.024E9
2022-12-22 12:50:40.480,24.46,25.0,3.62E8,1.024E9
2022-12-22 12:50:36.650,11.54,12.0,3.62E8,1.024E9
2022-12-22 12:50:36.211,15.49,16.0,3.62E8,1.024E9
2022-12-22 12:50:34.975,11.62,12.0,3.62E8,1.024E9
2022-12-22 12:50:31.106,11.13,12.0,3.62E8,1.024E9
2022-12-22 12:50:30.404,14.81,15.0,3.62E8,1.024E9
2022-12-22 12:50:29.222,10.7,11.0,3.62E8,1.024E9
2022-12-22 12:50:26.212,14.68,15.0,3.62E8,1.024E9
2022-12-22 12:50:25.574,12.78,13.0,3.62E8,1.024E9
2022-12-22 12:50:24.632,15.89,16.0,3.62E8,1.024E9
2022-12-22 12:50:20.438,121.34,122.0,3.62E8,1.024E9
2022-12-22 12:50:19.451,11.1,12.0,3.62E8,1.024E9
2022-12-22 12:50:19.367,14.74,15.0,3.62E8,1.024E9
2022-12-22 12:50:18.584,15.07,16.0,3.62E8,1.024E9
2022-12-22 12:50:16.830,11.34,12.0,3.62E8,1.024E9
2022-12-22 12:50:14.930,14.75,15.0,3.62E8,1.024E9
2022-12-22 12:50:14.262,22.85,23.0,3.62E8,1.024E9
2022-12-22 12:50:11.278,19.16,20.0,3.62E8,1.024E9
2022-12-22 12:50:05.642,11.73,12.0,3.62E8,1.024E9
2022-12-22 12:50:03.591,11.31,12.0,3.62E8,1.024E9
2022-12-22 12:50:00.384,63.4,64.0,3.62E8,1.024E9
2022-12-22 12:50:00.276,79.37,80.0,3.62E8,1.024E9
2022-12-22 12:49:59.828,11.21,12.0,3.62E8,1.024E9
2022-12-22 12:49:59.359,14.49,15.0,3.62E8,1.024E9
2022-12-22 12:49:59.244,8.38,9.0,3.62E8,1.024E9
2022-12-22 12:49:57.983,11.2,12.0,3.62E8,1.024E9
2022-12-22 12:49:57.131,14.72,15.0,3.62E8,1.024E9
2022-12-22 12:49:54.184,8.54,9.0,3.62E8,1.024E9
2022-12-22 12:49:52.348,11.32,12.0,3.62E8,1.024E9
2022-12-22 12:49:51.383,17.94,18.0,3.62E8,1.024E9
2022-12-22 12:49:48.182,91.01,92.0,3.62E8,1.024E9
2022-12-22 12:49:47.417,19.35,20.0,3.62E8,1.024E9
2022-12-22 12:49:46.303,18.3,19.0,3.62E8,1.024E9
2022-12-22 12:49:46.194,11.12,12.0,3.62E8,1.024E9
2022-12-22 12:49:45.391,16.0,17.0,3.62E8,1.024E9
2022-12-22 12:49:41.123,21.68,22.0,3.62E8,1.024E9
2022-12-22 12:49:40.743,16.72,17.0,3.62E8,1.024E9
2022-12-22 12:49:40.646,11.18,12.0,3.62E8,1.024E9
2022-12-22 12:49:40.244,21.89,22.0,3.62E8,1.024E9
2022-12-22 12:49:35.080,52.55,53.0,3.62E8,1.024E9
2022-12-22 12:49:33.752,11.49,12.0,3.62E8,1.024E9
2022-12-22 12:49:33.503,18.77,19.0,3.62E8,1.024E9
2022-12-22 12:49:33.398,11.38,12.0,3.62E8,1.024E9
2022-12-22 12:49:33.233,14.29,15.0,3.62E8,1.024E9
2022-12-22 12:49:33.092,14.71,15.0,3.62E8,1.024E9
2022-12-22 12:49:29.223,21.3,22.0,3.62E8,1.024E9
2022-12-22 12:49:28.213,12.45,13.0,3.62E8,1.024E9
2022-12-22 12:49:27.403,22.29,23.0,3.62E8,1.024E9
2022-12-22 12:49:27.181,11.33,12.0,3.62E8,1.024E9
2022-12-22 12:49:23.281,61.65,62.0,3.62E8,1.024E9
2022-12-22 12:49:22.535,11.35,12.0,3.62E8,1.024E9
2022-12-22 12:49:21.281,17.17,18.0,3.62E8,1.024E9
2022-12-22 12:49:19.863,16.16,17.0,3.62E8,1.024E9
2022-12-22 12:49:19.316,13.31,14.0,3.62E8,1.024E9
2022-12-22 12:49:19.261,9.02,10.0,3.62E8,1.024E9
2022-12-22 12:49:18.670,48.44,49.0,3.62E8,1.024E9
2022-12-22 12:49:18.638,20.68,21.0,3.39E8,1.024E9
2022-12-22 12:49:18.636,17.64,18.0,3.46E8,1.024E9
2022-12-22 12:49:18.592,20.0,21.0,3.39E8,1.024E9
2022-12-22 12:49:18.589,18.64,19.0,3.46E8,1.024E9
2022-12-22 12:49:16.882,12.13,13.0,3.46E8,1.024E9
2022-12-22 12:49:14.047,42.88,43.0,3.46E8,1.024E9
2022-12-22 12:49:13.268,18.97,19.0,3.46E8,1.024E9
2022-12-22 12:49:12.733,18.42,19.0,3.46E8,1.024E9
2022-12-22 12:49:12.186,19.92,20.0,3.46E8,1.024E9
2022-12-22 12:49:12.074,35.65,36.0,3.46E8,1.024E9
2022-12-22 12:49:11.639,14.05,15.0,3.46E8,1.024E9
2022-12-22 12:49:11.485,8.15,9.0,3.46E8,1.024E9
2022-12-22 12:49:10.852,15.64,16.0,3.46E8,1.024E9
2022-12-22 12:49:10.792,11.88,12.0,3.46E8,1.024E9
2022-12-22 12:49:10.731,16.54,17.0,3.46E8,1.024E9
2022-12-22 12:49:08.520,14.72,15.0,3.46E8,1.024E9
2022-12-22 12:49:08.398,8.24,9.0,3.46E8,1.024E9
2022-12-22 12:49:08.086,56.99,57.0,3.46E8,1.024E9
2022-12-22 12:49:07.495,15.28,16.0,3.46E8,1.024E9
2022-12-22 12:49:07.388,23.58,24.0,3.46E8,1.024E9
2022-12-22 12:49:05.683,9.16,10.0,3.46E8,1.024E9
2022-12-22 12:49:05.042,15.1,16.0,3.46E8,1.024E9
2022-12-22 12:49:04.935,8.41,9.0,3.46E8,1.024E9
2022-12-22 12:49:02.635,15.06,16.0,3.46E8,1.024E9
2022-12-22 12:49:02.491,9.27,10.0,3.46E8,1.024E9
2022-12-22 12:49:01.366,25.1,26.0,3.46E8,1.024E9
2022-12-22 12:48:59.180,31.97,32.0,3.46E8,1.024E9
2022-12-22 12:48:57.386,8.06,9.0,3.46E8,1.024E9
2022-12-22 12:48:55.293,73.14,74.0,3.46E8,1.024E9
2022-12-22 12:48:55.183,14.8,15.0,3.46E8,1.024E9
2022-12-22 12:48:55.176,53.36,54.0,3.39E8,1.024E9
2022-12-22 12:48:55.084,10.35,11.0,3.39E8,1.024E9
2022-12-22 12:48:54.803,18.84,19.0,3.39E8,1.024E9
2022-12-22 12:48:54.746,11.97,12.0,3.39E8,1.024E9
2022-12-22 12:48:53.960,41.65,42.0,3.39E8,1.024E9
2022-12-22 12:48:50.075,14.97,15.0,3.39E8,1.024E9
2022-12-22 12:48:49.684,12.33,13.0,3.39E8,1.024E9
2022-12-22 12:48:49.101,25.51,26.0,3.39E8,1.024E9
2022-12-22 12:48:49.019,10.66,11.0,3.39E8,1.024E9
2022-12-22 12:48:48.458,51.54,52.0,3.39E8,1.024E9
2022-12-22 12:48:48.364,13.95,14.0,3.39E8,1.024E9
2022-12-22 12:48:48.346,20.7,21.0,3.39E8,1.024E9
2022-12-22 12:48:48.284,12.56,13.0,3.39E8,1.024E9
2022-12-22 12:48:46.058,75.5,76.0,3.39E8,1.024E9
2022-12-22 12:48:43.306,11.73,12.0,3.39E8,1.024E9
2022-12-22 12:48:43.223,11.9,12.0,3.39E8,1.024E9
2022-12-22 12:48:41.718,21.16,22.0,3.39E8,1.024E9
2022-12-22 12:48:41.651,10.71,11.0,3.39E8,1.024E9
2022-12-22 12:48:40.940,31.24,32.0,3.39E8,1.024E9
2022-12-22 12:48:40.875,20.82,21.0,3.39E8,1.024E9
2022-12-22 12:48:40.873,16.87,17.0,3.46E8,1.024E9
2022-12-22 12:48:40.831,20.93,21.0,3.39E8,1.024E9
2022-12-22 12:48:40.829,24.46,25.0,3.46E8,1.024E9
2022-12-22 12:48:40.287,50.67,51.0,3.46E8,1.024E9
2022-12-22 12:48:37.267,43.4,44.0,3.46E8,1.024E9
2022-12-22 12:48:35.393,90.13,91.0,3.46E8,1.024E9
2022-12-22 12:48:35.177,76.09,77.0,3.46E8,1.024E9
2022-12-22 12:48:34.315,14.37,15.0,3.46E8,1.024E9
2022-12-22 12:48:34.258,17.01,18.0,3.46E8,1.024E9
2022-12-22 12:48:34.177,57.18,58.0,3.46E8,1.024E9
2022-12-22 12:48:33.259,20.33,21.0,3.46E8,1.024E9
2022-12-22 12:48:33.134,8.8,9.0,3.46E8,1.024E9
2022-12-22 12:48:32.327,51.06,52.0,3.46E8,1.024E9
2022-12-22 12:48:32.227,8.65,9.0,3.46E8,1.024E9
2022-12-22 12:48:31.089,13.62,14.0,3.46E8,1.024E9
2022-12-22 12:48:30.687,17.68,18.0,3.46E8,1.024E9
2022-12-22 12:48:30.575,64.03,65.0,3.46E8,1.024E9
2022-12-22 12:48:27.175,24.37,25.0,3.46E8,1.024E9
2022-12-22 12:48:26.693,14.24,15.0,3.46E8,1.024E9
2022-12-22 12:48:26.632,8.35,9.0,3.46E8,1.024E9
2022-12-22 12:48:25.293,86.16,87.0,3.46E8,1.024E9
2022-12-22 12:48:24.869,17.42,18.0,3.46E8,1.024E9
2022-12-22 12:48:24.668,17.87,18.0,3.46E8,1.024E9
2022-12-22 12:48:21.576,8.08,9.0,3.46E8,1.024E9
2022-12-22 12:48:20.900,16.51,17.0,3.46E8,1.024E9
2022-12-22 12:48:20.842,10.43,11.0,3.46E8,1.024E9
2022-12-22 12:48:20.082,43.43,44.0,3.46E8,1.024E9
2022-12-22 12:48:19.991,8.57,9.0,3.46E8,1.024E9
2022-12-22 12:48:19.690,12.63,13.0,3.46E8,1.024E9
2022-12-22 12:48:18.989,21.82,22.0,3.46E8,1.024E9
2022-12-22 12:48:14.892,7.79,8.0,3.46E8,1.024E9
2022-12-22 12:48:13.897,15.19,16.0,3.46E8,1.024E9
2022-12-22 12:48:13.845,13.32,14.0,3.46E8,1.024E9
2022-12-22 12:48:13.791,8.1,9.0,3.46E8,1.024E9
2022-12-22 12:48:12.967,23.02,24.0,3.46E8,1.024E9
2022-12-22 12:48:12.187,23.75,24.0,3.46E8,1.024E9
2022-12-22 12:48:11.347,23.62,24.0,3.46E8,1.024E9
2022-12-22 12:48:08.653,7.62,8.0,3.46E8,1.024E9
2022-12-22 12:48:07.711,25.56,26.0,3.46E8,1.024E9
2022-12-22 12:48:07.288,57.87,58.0,3.46E8,1.024E9
2022-12-22 12:48:06.308,59.44,60.0,3.46E8,1.024E9
2022-12-22 12:48:05.507,60.72,61.0,3.46E8,1.024E9
2022-12-22 12:48:01.487,33.46,34.0,3.46E8,1.024E9
2022-12-22 12:48:01.268,38.79,39.0,3.46E8,1.024E9
2022-12-22 12:48:00.308,34.47,35.0,3.46E8,1.024E9
2022-12-22 12:47:59.730,17.0,18.0,3.46E8,1.024E9
2022-12-22 12:47:59.286,35.94,36.0,3.46E8,1.024E9
2022-12-22 12:47:55.925,12.1,13.0,3.46E8,1.024E9
2022-12-22 12:47:55.105,25.96,26.0,3.46E8,1.024E9
2022-12-22 12:47:53.654,19.54,20.0,3.46E8,1.024E9
2022-12-22 12:47:50.197,11.93,12.0,3.46E8,1.024E9
2022-12-22 12:47:49.610,18.01,19.0,3.46E8,1.024E9
2022-12-22 12:47:48.474,15.38,16.0,3.46E8,1.024E9
2022-12-22 12:47:48.414,11.61,12.0,3.46E8,1.024E9
2022-12-22 12:47:46.010,23.79,24.0,3.46E8,1.024E9
2022-12-22 12:47:43.636,17.71,18.0,3.46E8,1.024E9
2022-12-22 12:47:43.347,9.16,10.0,3.46E8,1.024E9
2022-12-22 12:47:42.786,12.95,13.0,3.46E8,1.024E9
2022-12-22 12:47:39.588,17.57,18.0,3.46E8,1.024E9
2022-12-22 12:47:35.709,15.02,16.0,3.46E8,1.024E9
2022-12-22 12:47:35.591,8.81,9.0,3.46E8,1.024E9
2022-12-22 12:47:35.509,23.51,24.0,3.46E8,1.024E9
2022-12-22 12:47:34.601,18.47,19.0,3.46E8,1.024E9
2022-12-22 12:47:34.531,17.61,18.0,3.46E8,1.024E9
2022-12-22 12:47:34.528,21.32,22.0,3.39E8,1.024E9
2022-12-22 12:47:34.519,16.26,17.0,3.62E8,1.024E9
2022-12-22 12:47:34.510,21.18,22.0,3.42E8,1.024E9
2022-12-22 12:47:31.249,26.63,27.0,3.42E8,1.024E9
2022-12-22 12:47:30.181,38.04,39.0,3.42E8,1.024E9
2022-12-22 12:47:29.724,50.48,51.0,3.42E8,1.024E9
2022-12-22 12:47:25.392,22.62,23.0,3.42E8,1.024E9
2022-12-22 12:47:24.553,15.77,16.0,3.42E8,1.024E9
2022-12-22 12:47:24.447,16.14,17.0,3.42E8,1.024E9
2022-12-22 12:47:24.293,11.34,12.0,3.42E8,1.024E9
2022-12-22 12:47:23.645,32.34,33.0,3.42E8,1.024E9
2022-12-22 12:47:20.526,36.38,37.0,3.42E8,1.024E9
2022-12-22 12:47:19.372,27.25,28.0,3.42E8,1.024E9
2022-12-22 12:47:18.644,17.78,18.0,3.42E8,1.024E9
2022-12-22 12:47:18.523,45.89,46.0,3.42E8,1.024E9
2022-12-22 12:47:13.385,28.01,29.0,3.42E8,1.024E9
2022-12-22 12:47:11.664,20.89,21.0,3.42E8,1.024E9
2022-12-22 12:47:11.585,15.84,16.0,3.42E8,1.024E9
2022-12-22 12:47:10.989,27.28,28.0,3.42E8,1.024E9
2022-12-22 12:47:06.126,17.99,18.0,3.42E8,1.024E9
2022-12-22 12:47:04.105,34.53,35.0,3.42E8,1.024E9
2022-12-22 12:47:04.018,24.3,25.0,3.42E8,1.024E9
2022-12-22 12:47:01.087,31.21,32.0,3.42E8,1.024E9
2022-12-22 12:47:00.967,10.63,11.0,3.42E8,1.024E9
2022-12-22 12:47:00.393,20.47,21.0,3.42E8,1.024E9
2022-12-22 12:47:00.388,10.97,11.0,3.62E8,1.024E9
2022-12-22 12:47:00.277,33.39,34.0,3.42E8,1.024E9
2022-12-22 12:46:59.743,25.56,26.0,3.42E8,1.024E9
2022-12-22 12:46:59.674,13.74,14.0,3.42E8,1.024E9
2022-12-22 12:46:58.424,35.1,36.0,3.42E8,1.024E9
2022-12-22 12:46:54.703,24.12,25.0,3.42E8,1.024E9
2022-12-22 12:46:54.568,10.18,11.0,3.42E8,1.024E9
2022-12-22 12:46:53.952,20.34,21.0,3.42E8,1.024E9
2022-12-22 12:46:53.808,10.71,11.0,3.42E8,1.024E9
2022-12-22 12:46:53.185,80.89,81.0,3.42E8,1.024E9
2022-12-22 12:46:53.122,21.08,22.0,3.62E8,1.024E9
2022-12-22 12:46:53.007,8.67,9.0,3.62E8,1.024E9
2022-12-22 12:46:52.969,9.07,10.0,3.62E8,1.024E9
2022-12-22 12:46:52.519,20.73,21.0,3.62E8,1.024E9
2022-12-22 12:46:52.444,9.17,10.0,3.62E8,1.024E9
2022-12-22 12:46:51.990,13.69,14.0,3.62E8,1.024E9
2022-12-22 12:46:51.882,8.41,9.0,3.62E8,1.024E9
2022-12-22 12:46:50.902,22.52,23.0,3.62E8,1.024E9
2022-12-22 12:46:47.907,7.42,8.0,3.62E8,1.024E9
2022-12-22 12:46:47.905,134.19,135.0,3.42E8,1.024E9
2022-12-22 12:46:46.824,23.18,24.0,3.42E8,1.024E9
2022-12-22 12:46:46.104,88.71,89.0,3.42E8,1.024E9
2022-12-22 12:46:45.907,10.32,11.0,3.42E8,1.024E9
2022-12-22 12:46:45.065,38.99,39.0,3.42E8,1.024E9
2022-12-22 12:46:42.968,24.32,25.0,3.42E8,1.024E9
2022-12-22 12:46:42.048,25.62,26.0,3.42E8,1.024E9
2022-12-22 12:46:40.960,18.21,19.0,3.42E8,1.024E9
2022-12-22 12:46:40.851,9.58,10.0,3.42E8,1.024E9
2022-12-22 12:46:39.010,32.63,33.0,3.42E8,1.024E9
2022-12-22 12:46:37.444,57.48,58.0,3.42E8,1.024E9
2022-12-22 12:46:35.565,43.52,44.0,3.42E8,1.024E9
2022-12-22 12:46:35.415,40.69,41.0,3.42E8,1.024E9
2022-12-22 12:46:34.902,40.39,41.0,3.42E8,1.024E9
2022-12-22 12:46:32.353,20.71,21.0,3.42E8,1.024E9
2022-12-22 12:46:32.234,11.0,12.0,3.42E8,1.024E9
2022-12-22 12:46:31.943,17.98,18.0,3.42E8,1.024E9
2022-12-22 12:46:30.188,20.68,21.0,3.42E8,1.024E9
2022-12-22 12:46:30.077,55.99,56.0,3.42E8,1.024E9
2022-12-22 12:46:28.924,34.89,35.0,3.42E8,1.024E9
2022-12-22 12:46:27.175,84.11,85.0,3.42E8,1.024E9
2022-12-22 12:46:26.183,87.93,88.0,3.42E8,1.024E9
2022-12-22 12:46:24.927,9.7,10.0,3.42E8,1.024E9
2022-12-22 12:46:23.205,85.54,86.0,3.42E8,1.024E9
2022-12-22 12:46:20.988,47.38,48.0,3.42E8,1.024E9
2022-12-22 12:46:17.206,29.51,30.0,3.42E8,1.024E9
2022-12-22 12:46:15.492,17.62,18.0,3.42E8,1.024E9
2022-12-22 12:46:15.376,20.7,21.0,3.42E8,1.024E9
2022-12-22 12:46:14.308,21.21,22.0,3.42E8,1.024E9
2022-12-22 12:46:14.307,17.48,18.0,3.62E8,1.024E9
2022-12-22 12:46:14.287,49.96,50.0,3.39E8,1.024E9
2022-12-22 12:46:14.286,37.7,38.0,3.62E8,1.024E9
2022-12-22 12:46:14.282,47.58,48.0,3.42E8,1.024E9
2022-12-22 12:46:13.885,38.01,39.0,3.42E8,1.024E9
2022-12-22 12:46:12.425,16.96,17.0,3.42E8,1.024E9
2022-12-22 12:46:06.652,16.57,17.0,3.42E8,1.024E9
2022-12-22 12:46:06.127,36.46,37.0,3.42E8,1.024E9
2022-12-22 12:46:04.927,32.13,33.0,3.42E8,1.024E9
2022-12-22 12:46:04.191,17.87,18.0,3.42E8,1.024E9
2022-12-22 12:46:04.122,10.62,11.0,3.42E8,1.024E9
2022-12-22 12:46:03.664,42.67,43.0,3.42E8,1.024E9
2022-12-22 12:46:00.967,40.78,41.0,3.42E8,1.024E9
2022-12-22 12:45:57.491,44.56,45.0,3.42E8,1.024E9
2022-12-22 12:45:57.349,23.32,24.0,3.42E8,1.024E9
2022-12-22 12:45:57.264,18.08,19.0,3.42E8,1.024E9
2022-12-22 12:45:57.203,10.86,11.0,3.42E8,1.024E9
2022-12-22 12:45:56.287,88.17,89.0,3.42E8,1.024E9
2022-12-22 12:45:56.283,94.19,95.0,3.62E8,1.024E9
2022-12-22 12:45:56.187,35.35,36.0,3.39E8,1.024E9
2022-12-22 12:45:56.187,37.76,38.0,3.42E8,1.024E9
2022-12-22 12:45:56.186,32.81,33.0,3.46E8,1.024E9
2022-12-22 12:45:53.827,22.04,23.0,3.42E8,1.024E9
2022-12-22 12:45:51.306,32.54,33.0,3.42E8,1.024E9
2022-12-22 12:45:51.189,84.25,85.0,3.42E8,1.024E9
2022-12-22 12:45:46.085,57.48,58.0,3.42E8,1.024E9
2022-12-22 12:45:45.874,10.14,11.0,3.42E8,1.024E9
2022-12-22 12:45:45.304,94.49,95.0,3.42E8,1.024E9
2022-12-22 12:45:44.792,26.94,27.0,3.42E8,1.024E9
2022-12-22 12:45:41.388,16.29,17.0,3.42E8,1.024E9
2022-12-22 12:45:39.285,37.98,38.0,3.42E8,1.024E9
2022-12-22 12:45:38.389,45.9,46.0,3.42E8,1.024E9
2022-12-22 12:45:35.281,77.73,78.0,3.42E8,1.024E9
2022-12-22 12:45:31.986,24.53,25.0,3.42E8,1.024E9
2022-12-22 12:45:29.203,24.19,25.0,3.42E8,1.024E9
2022-12-22 12:45:27.508,34.42,35.0,3.42E8,1.024E9
2022-12-22 12:45:27.265,35.7,36.0,3.42E8,1.024E9
2022-12-22 12:45:26.343,23.12,24.0,3.42E8,1.024E9
2022-12-22 12:45:23.286,86.17,87.0,3.42E8,1.024E9
2022-12-22 12:45:23.044,35.48,36.0,3.42E8,1.024E9
2022-12-22 12:45:21.732,31.29,32.0,3.42E8,1.024E9
2022-12-22 12:45:20.703,22.88,23.0,3.42E8,1.024E9
2022-12-22 12:45:17.306,27.38,28.0,3.42E8,1.024E9
2022-12-22 12:45:15.702,34.75,35.0,3.42E8,1.024E9
2022-12-22 12:45:14.765,16.08,17.0,3.42E8,1.024E9
2022-12-22 12:45:13.248,27.34,28.0,3.42E8,1.024E9
2022-12-22 12:45:11.529,30.37,31.0,3.42E8,1.024E9
2022-12-22 12:45:10.388,91.47,92.0,3.42E8,1.024E9
2022-12-22 12:45:07.223,92.19,93.0,3.39E8,1.024E9
2022-12-22 12:45:07.199,60.38,61.0,3.39E8,1.024E9
2022-12-22 12:45:05.564,47.16,48.0,3.38E8,1.024E9
2022-12-22 12:45:01.466,21.03,22.0,3.38E8,1.024E9
2022-12-22 12:45:01.023,41.79,42.0,3.38E8,1.024E9
2022-12-22 12:44:59.724,20.69,21.0,3.38E8,1.024E9
2022-12-22 12:44:57.783,35.36,36.0,3.38E8,1.024E9
2022-12-22 12:44:55.905,21.1,22.0,3.38E8,1.024E9
2022-12-22 12:44:54.944,55.54,56.0,3.38E8,1.024E9
2022-12-22 12:44:53.907,42.49,43.0,3.38E8,1.024E9
2022-12-22 12:44:53.622,58.31,59.0,3.38E8,1.024E9
2022-12-22 12:44:50.784,90.5,91.0,3.38E8,1.024E9
2022-12-22 12:44:50.183,51.67,52.0,3.38E8,1.024E9
2022-12-22 12:44:48.245,25.28,26.0,3.38E8,1.024E9
2022-12-22 12:44:47.804,34.75,35.0,3.38E8,1.024E9
2022-12-22 12:44:44.948,32.61,33.0,3.38E8,1.024E9
2022-12-22 12:44:42.526,25.68,26.0,3.38E8,1.024E9
2022-12-22 12:44:42.009,32.23,33.0,3.38E8,1.024E9
2022-12-22 12:44:41.889,61.42,62.0,3.38E8,1.024E9
2022-12-22 12:44:39.188,37.31,38.0,3.38E8,1.024E9
2022-12-22 12:44:36.044,34.25,35.0,3.38E8,1.024E9
2022-12-22 12:44:33.206,48.81,49.0,3.38E8,1.024E9
2022-12-22 12:44:31.245,26.41,27.0,3.38E8,1.024E9
2022-12-22 12:44:31.176,10.47,11.0,3.38E8,1.024E9
2022-12-22 12:44:27.485,75.03,76.0,3.38E8,1.024E9
2022-12-22 12:44:26.123,16.01,17.0,3.38E8,1.024E9
2022-12-22 12:44:25.723,17.18,18.0,3.38E8,1.024E9
2022-12-22 12:44:25.205,70.46,71.0,3.38E8,1.024E9
2022-12-22 12:44:21.622,68.3,69.0,3.38E8,1.024E9
2022-12-22 12:44:20.304,62.06,63.0,3.38E8,1.024E9
2022-12-22 12:44:20.043,46.41,47.0,3.38E8,1.024E9
2022-12-22 12:44:19.222,104.47,105.0,3.38E8,1.024E9
2022-12-22 12:44:15.645,28.83,29.0,3.35E8,1.024E9
2022-12-22 12:44:14.722,51.77,52.0,3.35E8,1.024E9
2022-12-22 12:44:14.284,37.99,38.0,3.34E8,1.024E9
2022-12-22 12:44:14.015,21.38,22.0,3.34E8,1.024E9
2022-12-22 12:44:09.145,41.25,42.0,3.34E8,1.024E9
2022-12-22 12:44:08.524,117.91,118.0,3.34E8,1.024E9
2022-12-22 12:44:08.062,43.88,44.0,3.34E8,1.024E9
2022-12-22 12:44:07.842,24.54,25.0,3.34E8,1.024E9
2022-12-22 12:44:06.588,34.27,35.0,3.34E8,1.024E9
2022-12-22 12:44:03.427,44.14,45.0,3.34E8,1.024E9
2022-12-22 12:44:02.881,29.41,30.0,3.34E8,1.024E9
2022-12-22 12:44:01.844,59.43,60.0,3.34E8,1.024E9
2022-12-22 12:44:01.263,56.09,57.0,3.34E8,1.024E9
2022-12-22 12:44:00.823,103.58,104.0,3.34E8,1.024E9
2022-12-22 12:43:58.444,70.77,71.0,3.34E8,1.024E9
2022-12-22 12:43:57.222,97.87,98.0,3.34E8,1.024E9
2022-12-22 12:43:57.063,47.17,48.0,3.34E8,1.024E9
2022-12-22 12:43:56.423,42.26,43.0,3.34E8,1.024E9
2022-12-22 12:43:54.767,49.68,50.0,3.34E8,1.024E9
2022-12-22 12:43:50.287,53.85,54.0,3.34E8,1.024E9
2022-12-22 12:43:50.208,60.79,61.0,3.34E8,1.024E9
2022-12-22 12:43:49.061,61.52,62.0,3.34E8,1.024E9
2022-12-22 12:43:48.684,74.89,75.0,3.34E8,1.024E9
2022-12-22 12:43:48.324,84.81,85.0,3.34E8,1.024E9
2022-12-22 12:43:44.103,35.12,36.0,3.34E8,1.024E9
2022-12-22 12:43:43.968,44.33,45.0,3.33E8,1.024E9
2022-12-22 12:43:43.926,16.63,17.0,3.39E8,1.024E9
2022-12-22 12:43:43.219,35.19,36.0,3.39E8,1.024E9
2022-12-22 12:43:41.200,33.37,34.0,3.39E8,1.024E9
2022-12-22 12:43:38.006,16.68,17.0,3.39E8,1.024E9
2022-12-22 12:43:37.520,65.11,66.0,3.39E8,1.024E9
2022-12-22 12:43:37.359,42.73,43.0,3.39E8,1.024E9
2022-12-22 12:43:37.040,45.99,46.0,3.39E8,1.024E9
2022-12-22 12:43:35.488,23.39,24.0,3.39E8,1.024E9
2022-12-22 12:43:32.487,16.45,17.0,3.39E8,1.024E9
2022-12-22 12:43:31.579,41.0,42.0,3.39E8,1.024E9
2022-12-22 12:43:29.760,27.93,28.0,3.39E8,1.024E9
2022-12-22 12:43:26.805,16.56,17.0,3.39E8,1.024E9
2022-12-22 12:43:24.221,34.31,35.0,3.39E8,1.024E9
2022-12-22 12:43:23.584,30.25,31.0,3.39E8,1.024E9
2022-12-22 12:43:23.348,37.76,38.0,3.39E8,1.024E9
2022-12-22 12:43:18.201,67.4,68.0,3.39E8,1.024E9
2022-12-22 12:43:17.709,18.93,19.0,3.39E8,1.024E9
2022-12-22 12:43:17.201,91.09,92.0,3.39E8,1.024E9
2022-12-22 12:43:15.386,81.86,82.0,3.39E8,1.024E9
2022-12-22 12:43:11.958,45.73,46.0,3.39E8,1.024E9
2022-12-22 12:43:11.303,68.31,69.0,3.39E8,1.024E9
2022-12-22 12:43:09.399,60.58,61.0,3.39E8,1.024E9
2022-12-22 12:43:09.366,32.74,33.0,3.33E8,1.024E9
2022-12-22 12:43:06.683,51.23,52.0,3.33E8,1.024E9
2022-12-22 12:43:06.470,43.08,44.0,3.33E8,1.024E9
2022-12-22 12:43:06.081,43.82,44.0,3.33E8,1.024E9
2022-12-22 12:43:05.230,43.12,44.0,3.33E8,1.024E9
2022-12-22 12:43:03.324,92.85,93.0,3.33E8,1.024E9
2022-12-22 12:43:03.283,35.33,36.0,3.38E8,1.024E9
2022-12-22 12:43:01.524,116.2,117.0,3.33E8,1.024E9
2022-12-22 12:43:00.350,160.56,161.0,3.32E8,1.024E9
2022-12-22 12:43:00.320,41.08,42.0,3.38E8,1.024E9
2022-12-22 12:42:57.505,31.72,32.0,3.32E8,1.024E9
2022-12-22 12:42:57.042,68.39,69.0,3.32E8,1.024E9
2022-12-22 12:42:55.622,74.75,75.0,3.32E8,1.024E9
2022-12-22 12:42:53.988,61.51,62.0,3.32E8,1.024E9
2022-12-22 12:42:53.941,31.21,32.0,3.38E8,1.024E9
2022-12-22 12:42:52.724,50.46,51.0,3.38E8,1.024E9
2022-12-22 12:42:50.938,33.66,34.0,3.38E8,1.024E9
2022-12-22 12:42:50.904,66.58,67.0,3.32E8,1.024E9
2022-12-22 12:42:49.823,78.66,79.0,3.32E8,1.024E9
2022-12-22 12:42:46.724,79.45,80.0,3.32E8,1.024E9
2022-12-22 12:42:46.602,47.4,48.0,3.32E8,1.024E9
2022-12-22 12:42:45.148,131.7,132.0,3.31E8,1.024E9
2022-12-22 12:42:44.966,31.64,32.0,3.3E8,1.024E9
2022-12-22 12:42:44.644,104.03,105.0,3.3E8,1.024E9
2022-12-22 12:42:43.622,215.02,216.0,3.3E8,1.024E9
2022-12-22 12:42:43.203,189.26,190.0,3.29E8,1.024E9
2022-12-22 12:42:37.846,56.29,57.0,3.29E8,1.024E9
2022-12-22 12:42:37.102,241.13,242.0,3.29E8,1.024E9
2022-12-22 12:42:35.843,104.37,105.0,3.29E8,1.024E9
2022-12-22 12:42:35.622,47.02,48.0,3.29E8,1.024E9
2022-12-22 12:42:34.346,95.23,96.0,3.29E8,1.024E9
2022-12-22 12:42:30.804,113.3,114.0,3.29E8,1.024E9
2022-12-22 12:42:30.522,98.05,99.0,3.29E8,1.024E9
2022-12-22 12:42:23.041,250.33,251.0,3.29E8,1.024E9
2022-12-22 12:42:22.745,55.43,56.0,3.29E8,1.024E9
2022-12-22 12:42:21.984,46.85,47.0,3.29E8,1.024E9
2022-12-22 12:42:21.980,41.64,42.0,3.38E8,1.024E9
2022-12-22 12:42:21.960,20.63,21.0,3.46E8,1.024E9
2022-12-22 12:42:21.959,20.22,21.0,3.62E8,1.024E9
2022-12-22 12:42:21.956,19.7,20.0,3.35E8,1.024E9
2022-12-22 12:42:20.396,54.51,55.0,3.35E8,1.024E9
2022-12-22 12:42:19.315,65.17,66.0,3.35E8,1.024E9
2022-12-22 12:42:13.671,36.09,37.0,3.35E8,1.024E9
2022-12-22 12:42:11.892,26.85,27.0,3.35E8,1.024E9
2022-12-22 12:42:11.773,10.86,11.0,3.35E8,1.024E9
2022-12-22 12:42:08.100,16.32,17.0,3.35E8,1.024E9
2022-12-22 12:42:02.358,16.96,17.0,3.35E8,1.024E9
2022-12-22 12:42:01.182,57.73,58.0,3.35E8,1.024E9
2022-12-22 12:41:55.583,23.77,24.0,3.35E8,1.024E9
2022-12-22 12:41:54.837,33.62,34.0,3.35E8,1.024E9
2022-12-22 12:41:51.214,122.62,123.0,3.35E8,1.024E9
2022-12-22 12:41:50.482,40.97,41.0,3.35E8,1.024E9
2022-12-22 12:41:50.034,33.49,34.0,3.35E8,1.024E9
2022-12-22 12:41:48.975,33.0,33.0,3.35E8,1.024E9
2022-12-22 12:41:48.211,57.12,58.0,3.35E8,1.024E9
2022-12-22 12:41:45.117,52.61,53.0,3.35E8,1.024E9
2022-12-22 12:41:44.857,16.6,17.0,3.35E8,1.024E9
2022-12-22 12:41:43.936,26.06,27.0,3.35E8,1.024E9
2022-12-22 12:41:43.781,46.89,47.0,3.35E8,1.024E9
2022-12-22 12:41:42.853,52.62,53.0,3.35E8,1.024E9
2022-12-22 12:41:42.374,91.21,92.0,3.35E8,1.024E9
2022-12-22 12:41:39.352,145.68,146.0,3.35E8,1.024E9
2022-12-22 12:41:36.573,89.77,90.0,3.35E8,1.024E9
2022-12-22 12:41:36.195,26.6,27.0,3.35E8,1.024E9
2022-12-22 12:41:33.552,49.78,50.0,3.35E8,1.024E9
2022-12-22 12:41:32.333,68.94,69.0,3.35E8,1.024E9
2022-12-22 12:41:30.673,51.75,52.0,3.35E8,1.024E9
2022-12-22 12:41:30.218,91.91,92.0,3.35E8,1.024E9
2022-12-22 12:41:26.201,63.91,64.0,3.35E8,1.024E9
2022-12-22 12:41:25.541,18.34,19.0,3.35E8,1.024E9
2022-12-22 12:41:25.477,16.34,17.0,3.35E8,1.024E9
2022-12-22 12:41:24.759,20.43,21.0,3.35E8,1.024E9
2022-12-22 12:41:24.321,37.86,38.0,3.35E8,1.024E9
2022-12-22 12:41:24.220,68.34,69.0,3.35E8,1.024E9
2022-12-22 12:41:21.574,50.13,51.0,3.35E8,1.024E9
2022-12-22 12:41:21.399,30.3,31.0,3.35E8,1.024E9
2022-12-22 12:41:21.275,14.47,15.0,3.35E8,1.024E9
2022-12-22 12:41:20.413,12.26,13.0,3.35E8,1.024E9
2022-12-22 12:41:20.313,33.53,34.0,3.35E8,1.024E9
2022-12-22 12:41:20.179,20.31,21.0,3.35E8,1.024E9
2022-12-22 12:41:19.655,27.01,28.0,3.35E8,1.024E9
2022-12-22 12:41:19.524,12.13,13.0,3.35E8,1.024E9
2022-12-22 12:41:18.503,36.37,37.0,3.35E8,1.024E9
2022-12-22 12:41:18.424,9.84,10.0,3.35E8,1.024E9
2022-12-22 12:41:18.375,50.32,51.0,3.35E8,1.024E9
2022-12-22 12:41:17.555,52.8,53.0,3.35E8,1.024E9
2022-12-22 12:41:16.395,66.76,67.0,3.35E8,1.024E9
2022-12-22 12:41:14.194,23.78,24.0,3.35E8,1.024E9
2022-12-22 12:41:14.082,15.43,16.0,3.35E8,1.024E9
2022-12-22 12:41:13.322,12.8,13.0,3.35E8,1.024E9
2022-12-22 12:41:12.497,68.76,69.0,3.35E8,1.024E9
2022-12-22 12:41:11.311,111.89,112.0,3.35E8,1.024E9
2022-12-22 12:41:11.073,81.36,82.0,3.35E8,1.024E9
2022-12-22 12:41:10.353,83.61,84.0,3.35E8,1.024E9
2022-12-22 12:41:10.282,93.21,94.0,3.38E8,1.024E9
2022-12-22 12:41:10.090,10.35,11.0,3.38E8,1.024E9
2022-12-22 12:41:09.521,24.86,25.0,3.38E8,1.024E9
2022-12-22 12:41:09.376,79.34,80.0,3.38E8,1.024E9
2022-12-22 12:41:09.080,62.51,63.0,3.38E8,1.024E9
2022-12-22 12:41:08.967,10.24,11.0,3.38E8,1.024E9
2022-12-22 12:41:08.863,12.44,13.0,3.38E8,1.024E9
2022-12-22 12:41:08.718,31.82,32.0,3.38E8,1.024E9
2022-12-22 12:41:08.692,32.58,33.0,3.35E8,1.024E9
2022-12-22 12:41:08.540,23.73,24.0,3.35E8,1.024E9
2022-12-22 12:41:07.992,40.54,41.0,3.35E8,1.024E9
2022-12-22 12:41:07.856,12.43,13.0,3.35E8,1.024E9
2022-12-22 12:41:06.453,62.01,63.0,3.35E8,1.024E9
2022-12-22 12:41:04.499,52.21,53.0,3.35E8,1.024E9
2022-12-22 12:41:03.471,10.73,11.0,3.35E8,1.024E9
2022-12-22 12:41:02.956,21.75,22.0,3.35E8,1.024E9
2022-12-22 12:41:02.834,14.41,15.0,3.35E8,1.024E9
2022-12-22 12:41:02.774,19.74,20.0,3.35E8,1.024E9
2022-12-22 12:41:02.573,29.6,30.0,3.35E8,1.024E9
2022-12-22 12:41:02.351,54.6,55.0,3.35E8,1.024E9
2022-12-22 12:41:02.192,22.45,23.0,3.35E8,1.024E9
2022-12-22 12:41:02.096,61.57,62.0,3.35E8,1.024E9
2022-12-22 12:41:01.928,12.53,13.0,3.35E8,1.024E9
2022-12-22 12:41:01.532,46.31,47.0,3.35E8,1.024E9
2022-12-22 12:41:01.444,12.28,13.0,3.35E8,1.024E9
2022-12-22 12:41:00.779,37.17,38.0,3.35E8,1.024E9
2022-12-22 12:41:00.675,44.38,45.0,3.35E8,1.024E9
2022-12-22 12:40:58.518,44.93,45.0,3.35E8,1.024E9
2022-12-22 12:40:57.593,30.02,31.0,3.35E8,1.024E9
2022-12-22 12:40:56.892,73.17,74.0,3.35E8,1.024E9
2022-12-22 12:40:56.814,10.2,11.0,3.38E8,1.024E9
2022-12-22 12:40:55.579,83.51,84.0,3.38E8,1.024E9
2022-12-22 12:40:54.525,50.76,51.0,3.38E8,1.024E9
2022-12-22 12:40:52.059,35.84,36.0,3.38E8,1.024E9
2022-12-22 12:40:50.681,19.07,20.0,3.38E8,1.024E9
2022-12-22 12:40:50.643,62.36,63.0,3.38E8,1.024E9
2022-12-22 12:40:49.358,43.57,44.0,3.38E8,1.024E9
2022-12-22 12:40:48.420,32.42,33.0,3.38E8,1.024E9
2022-12-22 12:40:46.398,79.44,80.0,3.38E8,1.024E9
2022-12-22 12:40:41.739,73.13,74.0,3.38E8,1.024E9
2022-12-22 12:40:40.119,63.75,64.0,3.38E8,1.024E9
2022-12-22 12:40:39.783,18.0,19.0,3.38E8,1.024E9
2022-12-22 12:40:39.718,34.04,35.0,3.38E8,1.024E9
2022-12-22 12:40:35.362,42.67,43.0,3.38E8,1.024E9
2022-12-22 12:40:33.038,25.08,26.0,3.38E8,1.024E9
2022-12-22 12:40:28.442,35.89,36.0,3.38E8,1.024E9
2022-12-22 12:40:27.301,64.73,65.0,3.38E8,1.024E9
2022-12-22 12:40:23.979,18.26,19.0,3.38E8,1.024E9
2022-12-22 12:40:21.098,65.74,66.0,3.38E8,1.024E9
2022-12-22 12:40:19.678,29.79,30.0,3.38E8,1.024E9
2022-12-22 12:40:18.296,90.57,91.0,3.38E8,1.024E9
2022-12-22 12:40:17.876,76.3,77.0,3.36E8,1.024E9
2022-12-22 12:40:12.381,20.67,21.0,3.36E8,1.024E9
2022-12-22 12:40:12.060,75.33,76.0,3.36E8,1.024E9
2022-12-22 12:40:10.118,82.21,83.0,3.36E8,1.024E9
2022-12-22 12:40:06.577,30.23,31.0,3.35E8,1.024E9
2022-12-22 12:40:05.738,64.23,65.0,3.35E8,1.024E9
2022-12-22 12:40:05.638,33.59,34.0,3.35E8,1.024E9
2022-12-22 12:40:04.221,36.09,37.0,3.35E8,1.024E9
2022-12-22 12:40:03.087,83.26,84.0,3.35E8,1.024E9
2022-12-22 12:40:00.098,78.2,79.0,3.35E8,1.024E9
2022-12-22 12:39:54.418,61.43,62.0,3.35E8,1.024E9
2022-12-22 12:39:53.719,42.55,43.0,3.35E8,1.024E9
2022-12-22 12:39:51.699,19.31,20.0,3.35E8,1.024E9
2022-12-22 12:39:47.617,67.13,68.0,3.35E8,1.024E9
2022-12-22 12:39:47.299,97.72,98.0,3.35E8,1.024E9
2022-12-22 12:39:46.098,25.62,26.0,3.35E8,1.024E9
2022-12-22 12:39:40.878,53.81,54.0,3.35E8,1.024E9
2022-12-22 12:39:40.197,92.86,93.0,3.35E8,1.024E9
2022-12-22 12:39:35.600,53.13,54.0,3.35E8,1.024E9
2022-12-22 12:39:33.105,66.08,67.0,3.35E8,1.024E9
2022-12-22 12:39:32.556,74.38,75.0,3.35E8,1.024E9
2022-12-22 12:39:32.140,62.98,63.0,3.35E8,1.024E9
2022-12-22 12:39:26.940,34.1,35.0,3.35E8,1.024E9
2022-12-22 12:39:24.819,90.31,91.0,3.35E8,1.024E9
2022-12-22 12:39:21.346,35.05,36.0,3.35E8,1.024E9
2022-12-22 12:39:20.624,65.75,66.0,3.35E8,1.024E9
2022-12-22 12:39:20.438,40.88,41.0,3.35E8,1.024E9
2022-12-22 12:39:18.899,73.88,74.0,3.35E8,1.024E9
2022-12-22 12:39:17.456,64.81,65.0,3.35E8,1.024E9
2022-12-22 12:39:15.598,91.57,92.0,3.35E8,1.024E9
2022-12-22 12:39:14.897,48.34,49.0,3.35E8,1.024E9
2022-12-22 12:39:13.500,89.6,90.0,3.35E8,1.024E9
2022-12-22 12:39:12.479,101.62,102.0,3.35E8,1.024E9
2022-12-22 12:39:12.432,121.62,122.0,3.35E8,1.024E9
2022-12-22 12:39:11.710,93.29,94.0,3.35E8,1.024E9
2022-12-22 12:39:09.310,96.0,96.0,3.35E8,1.024E9
2022-12-22 12:39:07.232,112.77,113.0,3.35E8,1.024E9
2022-12-22 12:39:06.392,63.58,64.0,3.35E8,1.024E9
2022-12-22 12:39:05.591,85.92,86.0,3.35E8,1.024E9
2022-12-22 12:39:03.534,40.66,41.0,3.35E8,1.024E9
2022-12-22 12:39:01.211,51.93,52.0,3.35E8,1.024E9
2022-12-22 12:38:59.654,91.88,92.0,3.35E8,1.024E9
2022-12-22 12:38:59.296,156.25,157.0,3.35E8,1.024E9
2022-12-22 12:38:58.655,110.75,111.0,3.35E8,1.024E9
2022-12-22 12:38:55.694,69.29,70.0,3.35E8,1.024E9
2022-12-22 12:38:53.970,34.72,35.0,3.35E8,1.024E9
2022-12-22 12:38:52.713,139.27,140.0,3.35E8,1.024E9
2022-12-22 12:38:51.673,138.04,139.0,3.35E8,1.024E9
2022-12-22 12:38:51.475,238.76,239.0,3.35E8,1.024E9
2022-12-22 12:38:50.833,131.22,132.0,3.35E8,1.024E9
2022-12-22 12:38:50.154,146.19,147.0,3.35E8,1.024E9
2022-12-22 12:38:46.571,157.89,158.0,3.35E8,1.024E9
2022-12-22 12:38:44.832,355.5,356.0,3.35E8,1.024E9
2022-12-22 12:38:44.500,114.57,115.0,3.35E8,1.024E9
2022-12-22 12:38:44.179,151.99,152.0,3.35E8,1.024E9
2022-12-22 12:38:43.819,123.41,124.0,3.35E8,1.024E9
2022-12-22 12:38:43.086,69.84,70.0,3.35E8,1.024E9
2022-12-22 12:38:42.887,13.6,14.0,3.35E8,1.024E9
2022-12-22 12:38:41.141,96.42,97.0,3.35E8,1.024E9
2022-12-22 12:38:40.923,12.45,13.0,3.35E8,1.024E9
2022-12-22 12:38:40.220,90.94,91.0,3.35E8,1.024E9
2022-12-22 12:38:40.082,16.83,17.0,3.35E8,1.024E9
2022-12-22 12:38:39.582,147.97,148.0,3.35E8,1.024E9
2022-12-22 12:38:39.385,60.93,61.0,3.35E8,1.024E9
2022-12-22 12:38:38.579,115.8,116.0,3.35E8,1.024E9
2022-12-22 12:38:37.956,167.15,168.0,3.35E8,1.024E9
2022-12-22 12:38:37.778,170.63,171.0,3.35E8,1.024E9
2022-12-22 12:38:37.751,33.07,34.0,3.35E8,1.024E9
2022-12-22 12:38:37.619,226.31,227.0,3.35E8,1.024E9
2022-12-22 12:38:37.586,477.07,478.0,3.35E8,1.024E9
2022-12-22 12:38:37.342,58.93,59.0,3.35E8,1.024E9
2022-12-22 12:38:37.131,9964.56,9965.0,3.35E8,1.024E9
2022-12-22 12:38:36.223,9048.71,9049.0,3.34E8,1.024E9
2022-12-22 12:38:35.781,8610.59,8611.0,3.29E8,1.024E9
2022-12-22 12:38:32.703,14.71,15.0,3.62E8,1.024E9
2022-12-22 12:38:32.624,7.73,8.0,3.62E8,1.024E9
2022-12-22 12:38:27.194,73.98,74.0,3.62E8,1.024E9
2022-12-22 12:38:27.187,64.35,65.0,3.46E8,1.024E9
2022-12-22 12:38:26.281,83.79,84.0,3.62E8,1.024E9
2022-12-22 12:38:26.181,73.46,74.0,3.62E8,1.024E9
2022-12-22 12:38:25.082,41.62,42.0,3.62E8,1.024E9
2022-12-22 12:38:23.081,23.16,24.0,3.62E8,1.024E9
2022-12-22 12:38:16.879,14.32,15.0,3.62E8,1.024E9
2022-12-22 12:38:16.765,8.29,9.0,3.62E8,1.024E9
2022-12-22 12:38:15.484,15.88,16.0,3.62E8,1.024E9
2022-12-22 12:38:07.663,11.45,12.0,3.62E8,1.024E9
2022-12-22 12:38:03.681,11.51,12.0,3.62E8,1.024E9
2022-12-22 12:37:57.956,21.47,22.0,3.62E8,1.024E9
2022-12-22 12:37:56.219,19.43,20.0,3.62E8,1.024E9
2022-12-22 12:37:56.193,11.46,12.0,3.62E8,1.024E9
2022-12-22 12:37:54.981,11.21,12.0,3.62E8,1.024E9
2022-12-22 12:37:54.524,14.9,15.0,3.62E8,1.024E9
2022-12-22 12:37:51.054,29.19,30.0,3.62E8,1.024E9
2022-12-22 12:37:50.476,19.62,20.0,3.62E8,1.024E9
2022-12-22 12:37:49.173,35.43,36.0,3.62E8,1.024E9
2022-12-22 12:37:48.182,82.85,83.0,3.62E8,1.024E9
2022-12-22 12:37:47.338,20.91,21.0,3.62E8,1.024E9
2022-12-22 12:37:43.186,78.03,79.0,3.62E8,1.024E9
2022-12-22 12:37:40.386,85.34,86.0,3.62E8,1.024E9
2022-12-22 12:37:38.186,14.66,15.0,3.62E8,1.024E9
2022-12-22 12:37:38.083,36.47,37.0,3.62E8,1.024E9
2022-12-22 12:37:38.073,11.25,12.0,3.46E8,1.024E9
2022-12-22 12:37:36.206,15.88,16.0,3.62E8,1.024E9
2022-12-22 12:37:35.697,17.36,18.0,3.62E8,1.024E9
2022-12-22 12:37:33.185,99.06,100.0,3.62E8,1.024E9
2022-12-22 12:37:33.015,7.58,8.0,3.62E8,1.024E9
2022-12-22 12:37:32.197,22.02,23.0,3.62E8,1.024E9
2022-12-22 12:37:29.881,18.76,19.0,3.62E8,1.024E9
2022-12-22 12:37:29.538,14.88,15.0,3.62E8,1.024E9
2022-12-22 12:37:26.497,22.04,23.0,3.62E8,1.024E9
2022-12-22 12:37:25.621,18.68,19.0,3.62E8,1.024E9
2022-12-22 12:37:22.428,14.59,15.0,3.62E8,1.024E9
2022-12-22 12:37:22.370,8.97,9.0,3.62E8,1.024E9
2022-12-22 12:37:20.543,15.86,16.0,3.62E8,1.024E9
2022-12-22 12:37:17.316,7.79,8.0,3.62E8,1.024E9
2022-12-22 12:37:14.995,13.66,14.0,3.62E8,1.024E9
2022-12-22 12:37:14.885,8.69,9.0,3.62E8,1.024E9
2022-12-22 12:37:11.382,82.88,83.0,3.62E8,1.024E9
2022-12-22 12:37:10.639,14.1,15.0,3.62E8,1.024E9
2022-12-22 12:37:09.783,7.4,8.0,3.62E8,1.024E9
2022-12-22 12:37:07.281,65.59,66.0,3.62E8,1.024E9
2022-12-22 12:37:07.175,47.54,48.0,3.62E8,1.024E9
2022-12-22 12:37:06.428,34.59,35.0,3.62E8,1.024E9
2022-12-22 12:37:06.414,17.0,18.0,3.46E8,1.024E9
2022-12-22 12:37:06.390,21.8,22.0,3.62E8,1.024E9
2022-12-22 12:37:06.386,37.77,38.0,3.46E8,1.024E9
2022-12-22 12:37:06.364,20.64,21.0,3.62E8,1.024E9
2022-12-22 12:37:05.598,14.39,15.0,3.62E8,1.024E9
2022-12-22 12:37:04.637,17.95,18.0,3.62E8,1.024E9
2022-12-22 12:37:02.747,14.99,15.0,3.62E8,1.024E9
2022-12-22 12:37:02.618,16.32,17.0,3.62E8,1.024E9
2022-12-22 12:36:59.686,14.53,15.0,3.62E8,1.024E9
2022-12-22 12:36:58.086,11.5,12.0,3.62E8,1.024E9
2022-12-22 12:36:56.282,38.7,39.0,3.62E8,1.024E9
2022-12-22 12:36:56.196,8.3,9.0,3.62E8,1.024E9
2022-12-22 12:36:55.281,84.69,85.0,3.62E8,1.024E9
2022-12-22 12:36:52.519,11.63,12.0,3.62E8,1.024E9
2022-12-22 12:36:49.305,15.01,16.0,3.62E8,1.024E9
2022-12-22 12:36:46.970,11.62,12.0,3.62E8,1.024E9
2022-12-22 12:36:43.260,11.48,12.0,3.62E8,1.024E9
2022-12-22 12:36:41.292,12.35,13.0,3.62E8,1.024E9
2022-12-22 12:36:37.682,12.47,13.0,3.62E8,1.024E9
2022-12-22 12:36:37.177,21.54,22.0,3.62E8,1.024E9
2022-12-22 12:36:35.798,15.36,16.0,3.62E8,1.024E9
2022-12-22 12:36:35.730,8.79,9.0,3.62E8,1.024E9
2022-12-22 12:36:35.284,65.32,66.0,3.62E8,1.024E9
2022-12-22 12:36:34.777,22.62,23.0,3.62E8,1.024E9
2022-12-22 12:36:34.583,14.3,15.0,3.62E8,1.024E9
2022-12-22 12:36:34.486,15.74,16.0,3.62E8,1.024E9
2022-12-22 12:36:34.456,8.63,9.0,3.62E8,1.024E9
2022-12-22 12:36:33.996,14.56,15.0,3.62E8,1.024E9
2022-12-22 12:36:33.895,9.04,10.0,3.62E8,1.024E9
2022-12-22 12:36:33.397,18.68,19.0,3.62E8,1.024E9
2022-12-22 12:36:33.282,18.2,19.0,3.62E8,1.024E9
2022-12-22 12:36:32.097,24.93,25.0,3.62E8,1.024E9
2022-12-22 12:36:31.305,78.71,79.0,3.62E8,1.024E9
2022-12-22 12:36:30.277,79.52,80.0,3.62E8,1.024E9
2022-12-22 12:36:28.756,22.56,23.0,3.62E8,1.024E9
2022-12-22 12:36:28.461,14.93,15.0,3.62E8,1.024E9
2022-12-22 12:36:28.174,8.78,9.0,3.62E8,1.024E9
2022-12-22 12:36:27.723,14.05,15.0,3.62E8,1.024E9
2022-12-22 12:36:27.612,8.88,9.0,3.62E8,1.024E9
2022-12-22 12:36:26.990,14.6,15.0,3.62E8,1.024E9
2022-12-22 12:36:26.846,9.05,10.0,3.62E8,1.024E9
2022-12-22 12:36:26.398,14.94,15.0,3.62E8,1.024E9
2022-12-22 12:36:26.368,15.8,16.0,3.62E8,1.024E9
2022-12-22 12:36:26.304,9.01,10.0,3.62E8,1.024E9
2022-12-22 12:36:25.495,22.18,23.0,3.62E8,1.024E9
2022-12-22 12:36:24.655,17.16,18.0,3.62E8,1.024E9
2022-12-22 12:36:22.897,14.78,15.0,3.62E8,1.024E9
2022-12-22 12:36:22.457,17.96,18.0,3.62E8,1.024E9
2022-12-22 12:36:21.186,9.15,10.0,3.62E8,1.024E9
2022-12-22 12:36:20.647,19.31,20.0,3.62E8,1.024E9
2022-12-22 12:36:20.585,9.45,10.0,3.62E8,1.024E9
2022-12-22 12:36:19.499,15.36,16.0,3.62E8,1.024E9
2022-12-22 12:36:19.082,13.6,14.0,3.62E8,1.024E9
2022-12-22 12:36:17.224,98.78,99.0,3.62E8,1.024E9
2022-12-22 12:36:16.435,40.16,41.0,3.35E8,1.024E9
2022-12-22 12:36:16.256,29.33,30.0,3.35E8,1.024E9
2022-12-22 12:36:15.477,79.11,80.0,3.35E8,1.024E9
2022-12-22 12:36:14.813,32.2,33.0,3.35E8,1.024E9
2022-12-22 12:36:14.684,9.8,10.0,3.35E8,1.024E9
2022-12-22 12:36:13.384,16.34,17.0,3.35E8,1.024E9
2022-12-22 12:36:10.939,12.59,13.0,3.35E8,1.024E9
2022-12-22 12:36:09.586,8.77,9.0,3.35E8,1.024E9
2022-12-22 12:36:05.288,13.03,14.0,3.35E8,1.024E9
2022-12-22 12:36:04.640,14.62,15.0,3.35E8,1.024E9
2022-12-22 12:36:04.528,9.38,10.0,3.35E8,1.024E9
2022-12-22 12:36:03.598,23.84,24.0,3.35E8,1.024E9
2022-12-22 12:35:59.936,12.67,13.0,3.35E8,1.024E9
2022-12-22 12:35:59.618,12.18,13.0,3.35E8,1.024E9
2022-12-22 12:35:59.476,7.53,8.0,3.35E8,1.024E9
2022-12-22 12:35:58.896,18.47,19.0,3.35E8,1.024E9
2022-12-22 12:35:58.835,8.39,9.0,3.35E8,1.024E9
2022-12-22 12:35:54.179,18.49,19.0,3.35E8,1.024E9
2022-12-22 12:35:53.805,11.94,12.0,3.35E8,1.024E9
2022-12-22 12:35:53.782,7.97,8.0,3.35E8,1.024E9
2022-12-22 12:35:50.739,19.77,20.0,3.35E8,1.024E9
2022-12-22 12:35:50.580,11.53,12.0,3.35E8,1.024E9
2022-12-22 12:35:50.185,37.99,38.0,3.35E8,1.024E9
2022-12-22 12:35:49.819,26.94,27.0,3.35E8,1.024E9
2022-12-22 12:35:48.678,16.69,17.0,3.35E8,1.024E9
2022-12-22 12:35:47.738,39.41,40.0,3.35E8,1.024E9
2022-12-22 12:35:45.477,44.68,45.0,3.35E8,1.024E9
2022-12-22 12:35:44.811,20.36,21.0,3.35E8,1.024E9
2022-12-22 12:35:44.692,8.96,9.0,3.35E8,1.024E9
2022-12-22 12:35:43.750,23.93,24.0,3.35E8,1.024E9
2022-12-22 12:35:43.679,28.82,29.0,3.35E8,1.024E9
2022-12-22 12:35:42.996,27.31,28.0,3.35E8,1.024E9
2022-12-22 12:35:41.180,57.54,58.0,3.35E8,1.024E9
2022-12-22 12:35:39.617,12.11,13.0,3.35E8,1.024E9
2022-12-22 12:35:38.959,24.2,25.0,3.35E8,1.024E9
2022-12-22 12:35:38.837,11.98,12.0,3.35E8,1.024E9
2022-12-22 12:35:37.799,35.07,36.0,3.35E8,1.024E9
2022-12-22 12:35:35.558,13.72,14.0,3.35E8,1.024E9
2022-12-22 12:35:33.716,12.66,13.0,3.35E8,1.024E9
2022-12-22 12:35:29.961,24.16,25.0,3.35E8,1.024E9
2022-12-22 12:35:29.320,12.5,13.0,3.35E8,1.024E9
2022-12-22 12:35:27.745,30.27,31.0,3.35E8,1.024E9
2022-12-22 12:35:24.317,15.71,16.0,3.35E8,1.024E9
2022-12-22 12:35:23.955,12.2,13.0,3.35E8,1.024E9
2022-12-22 12:35:18.358,13.1,14.0,3.35E8,1.024E9